TeamName,RA/G,DefEff,E,DP,W,L,W-L%,ERA,tSho,H,ER,HR,BB,SO,R/G,R,H 1,RBI,SB,SO 1,BA,OBP,SLG,GDP,LOB,salary,WAR
2018 ARI,3.98,0.698,75,152,82,80,0.506,3.72,9,1313,605,174,522,1448,4.28,693,1283,658,79,1460,0.235,0.31,0.397,110,1086,143324597,34.1
2018 ATL,4.06,0.709,80,134,90,72,0.556,3.75,11,1236,607,153,635,1423,4.69,759,1433,717,90,1290,0.257,0.324,0.417,99,1143,130649395,40.8
2018 BAL,5.51,0.674,104,159,47,115,0.29,5.18,7,1552,824,234,589,1203,3.84,622,1317,593,81,1412,0.239,0.298,0.391,132,1027,127633703,11.4
2018 BOS,3.99,0.693,77,106,108,54,0.667,3.75,14,1305,608,176,512,1558,5.41,876,1509,829,125,1253,0.268,0.339,0.453,130,1124,227398860,56.5
2018 CHC,3.96,0.7,104,155,95,68,0.583,3.65,18,1319,598,157,622,1333,4.67,761,1453,722,66,1388,0.258,0.333,0.41,107,1224,194259933,45.0
2018 CHW,5.23,0.69,114,134,62,100,0.383,4.83,8,1404,771,196,653,1259,4.05,656,1332,639,98,1594,0.241,0.302,0.401,99,1050,71839808,17.3
2018 CIN,5.06,0.685,95,144,67,95,0.414,4.63,6,1491,741,228,532,1258,4.3,696,1404,665,77,1376,0.254,0.328,0.401,128,1179,100305768,22.2
2018 CLE,4,0.688,83,123,91,71,0.562,3.77,17,1349,611,200,407,1544,5.05,818,1447,786,135,1189,0.259,0.332,0.434,98,1147,142804703,50.8
2018 COL,4.57,0.688,74,162,91,72,0.558,4.33,10,1377,699,184,525,1409,4.79,780,1418,748,95,1397,0.256,0.322,0.435,114,1067,143968544,36.6
2018 DET,4.91,0.694,95,126,64,98,0.395,4.58,2,1423,726,216,491,1215,3.89,630,1326,597,70,1341,0.241,0.3,0.38,110,1071,130959889,17.4
2018 HOU,3.3,0.705,63,116,103,59,0.636,3.11,12,1164,503,152,435,1687,4.92,797,1390,763,71,1197,0.255,0.329,0.425,156,1052,163524216,57.1
2018 KCR,5.14,0.68,77,142,58,104,0.358,4.94,8,1542,786,205,549,1157,3.94,638,1350,606,117,1310,0.245,0.305,0.392,123,1063,129944821,17.7
2018 LAA,4.46,0.693,76,173,80,82,0.494,4.15,9,1353,662,205,546,1386,4.45,721,1323,690,89,1300,0.242,0.313,0.413,111,1071,173784989,35.1
2018 LAD,3.74,0.698,100,111,92,71,0.564,3.38,11,1279,554,179,422,1565,4.93,804,1394,756,75,1436,0.25,0.333,0.442,119,1163,199582045,49.9
2018 MIA,5.02,0.697,83,133,63,98,0.391,4.76,12,1388,762,192,605,1249,3.66,589,1303,554,45,1384,0.237,0.303,0.357,119,1123,91817860,9.3
2018 MIL,4.04,0.704,108,141,96,67,0.589,3.73,14,1259,606,173,553,1428,4.63,754,1398,711,124,1458,0.252,0.323,0.424,128,1106,108982016,39.6
2018 MIN,4.78,0.682,97,127,78,84,0.481,4.5,7,1425,721,198,573,1377,4.56,738,1379,704,47,1328,0.25,0.318,0.405,89,1087,115509520,28.8
2018 NYM,4.36,0.691,88,121,77,85,0.475,4.07,15,1364,661,185,484,1446,4.17,676,1282,649,71,1404,0.234,0.312,0.389,116,1104,150187987,30.7
2018 NYY,4.13,0.684,94,95,100,62,0.617,3.78,11,1311,611,177,494,1634,5.25,851,1374,821,63,1421,0.249,0.329,0.451,107,1100,179598151,51.3
2018 OAK,4.16,0.717,89,125,97,65,0.599,3.81,14,1303,621,184,474,1237,5.02,813,1407,778,35,1381,0.252,0.325,0.439,136,1085,80315288,49.2
2018 PHI,4.49,0.677,123,138,80,82,0.494,4.14,12,1366,665,171,500,1465,4.18,677,1270,653,69,1520,0.234,0.314,0.393,102,1120,104297471,28.3
2018 PIT,4.3,0.686,105,128,82,79,0.509,4,16,1380,637,174,497,1336,4.3,692,1381,665,70,1229,0.254,0.317,0.407,121,1071,91025861,30.3
2018 SDP,4.73,0.68,100,127,66,96,0.407,4.4,5,1430,713,185,519,1399,3.81,617,1289,583,95,1523,0.235,0.297,0.38,122,1028,101343635,14.2
2018 SEA,4.39,0.691,88,152,89,73,0.549,4.13,12,1396,664,195,400,1328,4.18,677,1402,644,79,1221,0.254,0.314,0.408,128,1084,205665348,35.7
2018 SFG,4.31,0.692,97,160,73,89,0.451,3.95,15,1387,641,156,524,1269,3.72,603,1324,573,77,1467,0.239,0.3,0.368,113,1101,160993827,21.4
2018 STL,4.27,0.685,133,151,88,74,0.543,3.85,8,1354,622,144,593,1337,4.69,759,1369,725,63,1380,0.249,0.321,0.409,92,1101,163784311,31.4
2018 TBR,3.99,0.708,85,135,90,72,0.556,3.74,14,1236,602,164,501,1421,4.42,716,1415,664,128,1388,0.258,0.333,0.406,122,1156,68810167,46.4
2018 TEX,5.23,0.682,120,169,67,95,0.414,4.92,5,1516,783,222,491,1121,4.55,737,1308,696,74,1484,0.24,0.318,0.404,104,1093,140625018,27.8
2018 TOR,5.14,0.678,101,138,73,89,0.451,4.85,3,1476,772,208,551,1298,4.38,709,1336,680,47,1387,0.244,0.312,0.427,118,1036,150946147,23.1
2018 WSN,4.21,0.703,64,115,82,80,0.506,4.04,7,1320,649,198,487,1417,4.76,771,1402,737,119,1289,0.254,0.335,0.419,104,1180,181382609,39.7
2017 ARI,4.07,0.687,108,140,93,69,0.574,3.66,11,1309,586,171,516,1482,5.01,812,1405,776,103,1456,0.254,0.329,0.445,106,1118,102619475,47.0
2017 ATL,5.07,0.683,97,137,72,90,0.444,4.72,6,1463,756,192,584,1258,4.52,732,1467,706,77,1184,0.263,0.326,0.412,137,1127,105218575,20.4
2017 BAL,5.19,0.683,94,175,75,87,0.463,4.97,10,1505,795,242,579,1233,4.59,743,1469,713,32,1412,0.26,0.312,0.435,138,1041,176349127,24.9
2017 BOS,4.12,0.68,107,126,93,69,0.574,3.7,11,1384,610,195,465,1580,4.85,785,1461,735,106,1224,0.258,0.329,0.407,141,1134,209872508,41.9
2017 CHC,4.29,0.699,95,139,92,70,0.568,3.95,8,1294,636,194,554,1439,5.07,822,1402,785,62,1401,0.255,0.338,0.437,134,1147,172092536,42.4
2017 CHW,5.06,0.7,114,157,67,95,0.414,4.78,3,1384,755,242,632,1193,4.36,706,1412,670,71,1397,0.256,0.314,0.417,124,1055,86382688,25.6
2017 CIN,5.36,0.691,81,132,68,94,0.42,5.17,8,1442,821,248,631,1300,4.65,753,1390,715,120,1329,0.253,0.329,0.433,116,1135,96436003,21.6
2017 CLE,3.48,0.683,76,167,102,60,0.63,3.3,19,1267,529,163,406,1614,5.05,818,1449,780,88,1153,0.263,0.339,0.449,125,1158,131958928,61.2
2017 COL,4.67,0.683,77,168,87,75,0.537,4.51,9,1453,721,190,532,1270,5.09,824,1510,793,59,1408,0.273,0.338,0.444,143,1088,139324341,38.0
2017 DET,5.52,0.668,84,146,64,98,0.395,5.36,4,1587,846,218,538,1202,4.54,735,1435,699,65,1313,0.258,0.324,0.424,128,1104,188498884,22.2
2017 HOU,4.32,0.682,99,153,101,61,0.623,4.12,9,1314,662,192,522,1593,5.53,896,1581,854,98,1087,0.282,0.346,0.478,139,1094,138709677,52.9
2017 KCR,4.88,0.685,79,145,80,82,0.494,4.61,6,1480,737,196,519,1216,4.33,702,1436,660,91,1166,0.259,0.311,0.42,160,1005,148227822,29.0
2017 LAA,4.38,0.7,80,135,80,82,0.494,4.2,10,1373,672,224,470,1312,4.38,710,1314,678,136,1198,0.243,0.315,0.397,141,1033,166161209,30.1
2017 LAD,3.58,0.703,88,131,104,58,0.642,3.38,16,1226,543,184,442,1549,4.75,770,1347,730,77,1380,0.249,0.334,0.437,119,1146,259119625,49.5
2017 MIA,5.07,0.691,73,156,77,85,0.475,4.82,7,1450,772,193,627,1202,4.8,778,1497,743,91,1282,0.267,0.331,0.431,119,1130,110765599,26.7
2017 MIL,4.3,0.684,115,164,86,76,0.531,4,12,1381,642,185,553,1346,4.52,732,1363,695,128,1571,0.249,0.322,0.429,116,1088,68945179,37.2
2017 MIN,4.86,0.692,78,143,85,77,0.525,4.59,11,1487,732,224,483,1166,5.03,815,1444,781,95,1342,0.26,0.334,0.434,105,1147,121048871,36.8
2017 NYM,5.33,0.667,92,125,70,92,0.432,5.01,5,1538,799,220,593,1374,4.54,735,1379,713,58,1291,0.25,0.32,0.434,118,1099,143990158,19.5
2017 NYY,4.07,0.703,95,102,91,71,0.562,3.72,7,1248,599,192,504,1560,5.3,858,1463,821,90,1386,0.262,0.339,0.447,119,1184,209690952,53.1
2017 OAK,5.1,0.686,121,162,75,87,0.463,4.67,6,1444,743,210,502,1202,4.56,739,1344,708,57,1491,0.246,0.319,0.436,129,1075,73477080,27.8
2017 PHI,4.83,0.683,82,145,66,96,0.407,4.55,7,1471,729,221,527,1309,4.26,690,1382,654,59,1417,0.25,0.315,0.409,128,1079,104020808,25.2
2017 PIT,4.51,0.679,99,156,75,87,0.463,4.22,12,1464,676,182,511,1262,4.12,668,1331,635,67,1213,0.244,0.318,0.386,120,1129,98203030,25.1
2017 SDP,5.04,0.683,113,177,71,91,0.438,4.67,12,1417,742,226,554,1325,3.73,604,1251,576,89,1499,0.234,0.299,0.393,99,1037,77921678,13.7
2017 SEA,4.77,0.7,103,147,78,84,0.481,4.46,9,1399,713,237,490,1244,4.63,750,1436,714,89,1267,0.259,0.325,0.424,131,1084,189806809,33.9
2017 SFG,4.79,0.679,87,127,64,98,0.395,4.5,5,1515,726,182,496,1234,3.94,639,1382,612,76,1204,0.249,0.309,0.38,136,1093,161397330,16.7
2017 STL,4.35,0.687,94,164,83,79,0.512,4.01,12,1393,646,183,493,1351,4.7,761,1402,728,81,1348,0.256,0.334,0.426,139,1118,145256085,36.5
2017 TBR,4.35,0.701,100,129,80,82,0.494,3.97,9,1324,638,193,503,1352,4.28,694,1340,671,88,1538,0.245,0.317,0.422,115,1114,76311205,35.4
2017 TEX,5.04,0.695,108,173,78,84,0.481,4.66,6,1443,742,214,559,1107,4.93,799,1326,756,113,1493,0.244,0.32,0.43,110,1015,163350840,31.0
2017 TOR,4.84,0.682,92,145,76,86,0.469,4.42,6,1460,720,203,549,1372,4.28,693,1320,661,53,1327,0.24,0.312,0.412,153,1064,187067487,26.8
2017 WSN,4.15,0.698,86,139,97,65,0.599,3.88,5,1300,623,189,495,1457,5.06,819,1477,796,108,1327,0.266,0.332,0.449,116,1101,182238854,46.1
2016 ARI,5.49,0.665,101,143,69,93,0.426,5.09,7,1563,821,202,603,1318,4.64,752,1479,709,137,1427,0.261,0.32,0.432,117,1113,97874482,21.0
2016 ATL,4.84,0.692,101,134,68,93,0.422,4.51,9,1414,725,177,547,1227,4.03,649,1404,615,75,1240,0.255,0.321,0.384,145,1160,96080633,18.6
2016 BAL,4.41,0.688,80,165,89,73,0.549,4.22,9,1408,671,183,545,1248,4.59,744,1413,710,19,1324,0.256,0.317,0.443,119,1065,150302252,38.6
2016 BOS,4.28,0.695,75,139,93,69,0.574,4,5,1342,640,176,490,1362,5.42,878,1598,836,83,1160,0.282,0.348,0.461,137,1162,207758836,53.0
2016 CHC,3.43,0.728,101,116,103,58,0.64,3.15,15,1125,511,163,495,1441,4.99,808,1409,767,66,1339,0.256,0.343,0.429,107,1217,184352494,57.2
2016 CHW,4.41,0.687,95,148,78,84,0.481,4.1,10,1422,659,185,521,1270,4.23,686,1428,656,77,1285,0.257,0.317,0.41,122,1105,129715686,34.7
2016 CIN,5.27,0.694,102,142,68,94,0.42,4.91,8,1457,786,258,636,1241,4.42,716,1403,678,139,1284,0.256,0.316,0.408,129,1014,88626437,18.1
2016 CLE,4.2,0.696,89,126,94,67,0.584,3.84,11,1330,617,186,461,1398,4.83,777,1435,733,134,1246,0.262,0.329,0.43,137,1084,105971268,44.8
2016 COL,5.31,0.667,110,148,75,87,0.463,4.91,9,1532,779,181,547,1223,5.22,845,1544,805,66,1330,0.275,0.336,0.457,113,1089,107902280,29.9
2016 DET,4.48,0.689,75,148,86,75,0.534,4.24,8,1417,672,182,462,1232,4.66,750,1476,719,58,1303,0.267,0.331,0.438,135,1105,200179285,38.6
2016 HOU,4.33,0.681,77,135,84,78,0.519,4.06,8,1441,663,181,453,1396,4.47,724,1367,689,102,1452,0.247,0.319,0.417,134,1086,103328742,36.9
2016 KCR,4.4,0.687,94,134,81,81,0.5,4.21,7,1433,674,206,517,1287,4.17,675,1450,640,121,1224,0.261,0.312,0.4,134,1049,141587358,31.2
2016 LAA,4.49,0.685,97,148,74,88,0.457,4.28,12,1480,676,208,498,1136,4.43,717,1410,686,73,991,0.26,0.322,0.405,147,1037,174363407,29.8
2016 LAD,3.94,0.699,80,101,91,71,0.562,3.7,15,1266,598,165,464,1510,4.48,725,1376,680,45,1321,0.249,0.319,0.409,120,1106,268745494,39.6
2016 MIA,4.24,0.683,86,137,79,82,0.491,4.05,12,1358,646,152,595,1379,4.07,655,1460,626,71,1213,0.263,0.322,0.394,140,1171,77715306,30.7
2016 MIL,4.52,0.68,136,145,73,89,0.451,4.08,7,1450,650,178,532,1175,4.14,671,1299,641,181,1543,0.244,0.322,0.407,131,1071,62161191,29.2
2016 MIN,5.49,0.662,126,172,59,103,0.364,5.08,3,1617,814,221,479,1191,4.46,722,1409,690,91,1426,0.251,0.316,0.421,96,1124,97244457,18.3
2016 NYM,3.81,0.678,90,138,87,75,0.537,3.57,13,1397,574,152,439,1396,4.14,671,1342,649,42,1302,0.246,0.316,0.417,123,1120,147738514,37.6
2016 NYY,4.33,0.694,86,116,84,78,0.519,4.16,10,1358,660,214,444,1393,4.2,680,1378,647,72,1188,0.252,0.315,0.405,121,1098,220743376,33.4
2016 OAK,4.7,0.685,97,152,69,93,0.426,4.51,7,1459,718,185,464,1188,4.03,653,1352,634,50,1145,0.246,0.304,0.395,142,1036,82879088,23.2
2016 PHI,4.91,0.681,97,142,71,91,0.438,4.63,12,1468,739,213,466,1299,3.77,610,1305,574,96,1376,0.24,0.301,0.384,112,1043,103898809,12.5
2016 PIT,4.68,0.676,111,172,78,83,0.484,4.21,5,1490,679,180,533,1232,4.5,729,1426,696,110,1334,0.257,0.332,0.402,133,1173,99518136,29.1
2016 SDP,4.75,0.687,109,165,68,94,0.42,4.43,9,1425,708,183,569,1222,4.23,686,1275,654,125,1500,0.235,0.299,0.39,93,965,83507657,17.1
2016 SEA,4.36,0.694,89,158,86,76,0.531,4,8,1410,647,213,460,1318,4.74,768,1446,735,56,1288,0.259,0.326,0.43,138,1099,178326844,38.5
2016 SFG,3.9,0.702,72,136,87,75,0.537,3.65,11,1334,593,158,439,1309,4.41,715,1437,675,79,1107,0.258,0.329,0.398,120,1188,146536553,43.2
2016 STL,4.4,0.679,107,169,86,76,0.531,4.08,10,1432,656,159,475,1290,4.81,779,1415,745,35,1318,0.255,0.325,0.442,117,1113,149355870,39.1
2016 TBR,4.4,0.687,94,129,68,94,0.42,4.2,8,1395,665,210,491,1357,4.15,672,1333,647,60,1482,0.243,0.307,0.426,88,1060,63908549,32.4
2016 TEX,4.67,0.692,97,190,95,67,0.586,4.37,6,1441,700,201,534,1154,4.72,765,1446,746,99,1220,0.262,0.322,0.433,114,1038,163021690,35.6
2016 TOR,4.11,0.703,88,144,89,73,0.549,3.78,10,1340,613,183,461,1314,4.69,759,1358,728,54,1362,0.248,0.33,0.426,153,1120,152285479,44.0
2016 WSN,3.78,0.7,73,142,95,67,0.586,3.51,12,1272,570,155,468,1476,4.71,763,1403,735,121,1252,0.256,0.326,0.426,102,1105,139383852,43.6
2015 ARI,4.4,0.693,86,146,79,83,0.488,4.04,12,1450,659,182,500,1215,4.44,720,1494,680,132,1312,0.264,0.324,0.414,134,1153,76781801,37.1
2015 ATL,4.69,0.681,90,186,67,95,0.414,4.41,10,1462,698,170,550,1148,3.54,573,1361,548,69,1107,0.251,0.314,0.359,148,1145,110838389,16.5
2015 BAL,4.28,0.691,77,134,81,81,0.5,4.05,10,1406,646,174,483,1233,4.4,713,1370,686,44,1331,0.25,0.307,0.421,127,990,117784476,35.0
2015 BOS,4.65,0.68,97,148,78,84,0.481,4.31,10,1486,694,178,478,1218,4.62,748,1495,706,71,1148,0.265,0.325,0.415,127,1142,183481478,35.9
2015 CHC,3.75,0.695,111,120,97,65,0.599,3.36,21,1276,546,134,407,1431,4.25,689,1341,657,95,1518,0.244,0.321,0.398,101,1165,132993810,40.3
2015 CHW,4.33,0.673,101,159,76,86,0.469,3.98,9,1443,643,162,474,1359,3.84,622,1381,595,68,1231,0.25,0.306,0.38,125,1065,118875487,24.7
2015 CIN,4.65,0.689,90,131,64,98,0.395,4.33,8,1436,700,177,544,1252,3.95,640,1382,613,134,1255,0.248,0.312,0.394,112,1148,112333097,23.3
2015 CLE,3.98,0.699,79,136,81,80,0.503,3.67,10,1274,584,161,425,1407,4.16,669,1395,640,86,1157,0.256,0.325,0.401,134,1147,77404413,39.5
2015 COL,5.21,0.668,95,171,68,94,0.42,5.04,4,1579,799,183,579,1112,4.55,737,1479,702,97,1283,0.265,0.315,0.432,114,1016,106860781,21.7
2015 DET,4.99,0.69,86,165,74,87,0.46,4.64,12,1491,746,193,489,1100,4.28,689,1515,660,83,1259,0.27,0.328,0.42,152,1111,162160921,25.6
2015 HOU,3.81,0.701,85,131,86,76,0.531,3.57,13,1308,572,148,423,1280,4.5,729,1363,691,121,1392,0.25,0.315,0.437,102,1036,81450835,46.1
2015 KCR,3.96,0.701,88,138,95,67,0.586,3.73,8,1372,601,155,489,1160,4.47,724,1497,689,104,973,0.269,0.322,0.412,133,1079,126529835,42.1
2015 LAA,4.17,0.701,93,108,85,77,0.525,3.94,12,1355,630,166,466,1221,4.08,661,1331,621,52,1150,0.246,0.307,0.396,116,1013,151348162,30.1
2015 LAD,3.67,0.692,75,133,92,70,0.568,3.44,21,1317,553,145,395,1396,4.12,667,1346,638,59,1258,0.25,0.326,0.413,135,1121,301735080,43.7
2015 MIA,4.19,0.694,77,162,71,91,0.438,4.02,12,1374,638,141,508,1152,3.78,613,1420,575,112,1150,0.26,0.31,0.384,133,1059,63590525,25.0
2015 MIL,4.55,0.679,116,164,68,94,0.42,4.28,7,1432,682,176,517,1260,4.04,655,1378,624,84,1299,0.251,0.307,0.393,130,1026,94010873,18.7
2015 MIN,4.32,0.687,86,150,83,79,0.512,4.07,12,1506,653,163,413,1046,4.3,696,1349,661,70,1264,0.247,0.305,0.399,133,993,107981818,28.3
2015 NYM,3.78,0.697,88,131,90,72,0.556,3.43,14,1341,557,152,383,1337,4.22,683,1351,654,51,1290,0.244,0.312,0.4,130,1098,115698927,37.7
2015 NYY,4.31,0.685,93,135,87,75,0.537,4.03,4,1416,652,182,474,1370,4.72,764,1397,737,63,1227,0.251,0.323,0.421,105,1151,222528373,42.1
2015 OAK,4.5,0.691,126,154,68,94,0.42,4.14,15,1402,664,172,474,1179,4.28,694,1405,661,78,1119,0.251,0.312,0.395,124,1102,80376830,28.8
2015 PHI,4.99,0.667,117,145,63,99,0.389,4.69,7,1592,749,191,488,1153,3.86,626,1374,586,88,1274,0.249,0.303,0.382,119,1066,141722639,13.7
2015 PIT,3.68,0.679,122,177,98,64,0.605,3.21,13,1392,532,110,453,1338,4.3,697,1462,661,98,1322,0.26,0.323,0.396,115,1166,99435606,42.5
2015 SDP,4.51,0.683,92,138,74,88,0.457,4.09,6,1371,655,171,516,1393,4.01,650,1324,623,82,1327,0.243,0.3,0.385,108,1028,107915272,21.7
2015 SEA,4.48,0.688,94,155,76,86,0.469,4.16,12,1430,677,181,491,1283,4.05,656,1379,624,69,1336,0.249,0.311,0.411,123,1080,186413630,28.1
2015 SFG,3.87,0.706,78,145,84,78,0.519,3.72,18,1344,597,155,431,1165,4.3,696,1486,663,93,1159,0.267,0.326,0.406,142,1130,126045473,40.3
2015 STL,3.24,0.688,96,159,100,62,0.617,2.94,15,1359,478,123,477,1329,3.99,647,1386,619,69,1267,0.253,0.321,0.394,128,1152,132178951,49.6
2015 TBR,3.96,0.701,95,118,80,82,0.494,3.74,12,1314,604,175,477,1355,3.98,644,1383,612,87,1310,0.252,0.314,0.406,121,1075,73582652,39.3
2015 TEX,4.52,0.687,119,169,88,74,0.543,4.24,9,1459,680,171,508,1095,4.64,751,1419,707,101,1233,0.257,0.325,0.413,99,1130,152445607,35.8
2015 TOR,4.14,0.708,88,145,93,69,0.574,3.8,10,1353,609,173,397,1117,5.5,891,1480,852,88,1151,0.269,0.34,0.457,140,1057,138309664,50.5
2015 WSN,3.92,0.685,90,125,83,79,0.512,3.62,13,1366,577,145,364,1342,4.34,703,1363,665,57,1344,0.251,0.321,0.403,129,1114,165655095,35.3
2014 ARI,4.58,0.673,101,147,64,98,0.395,4.26,4,1467,683,154,469,1278,3.8,615,1379,573,86,1165,0.248,0.302,0.376,115,1092,106482519,16.2
2014 ATL,3.69,0.687,85,143,79,83,0.488,3.38,13,1369,547,121,472,1301,3.54,573,1316,545,95,1369,0.241,0.305,0.36,121,1128,116865707,31.0
2014 BAL,3.66,0.706,87,156,96,66,0.593,3.43,13,1342,557,151,472,1174,4.35,705,1434,681,44,1285,0.256,0.311,0.422,112,1088,113562943,46.7
2014 BOS,4.41,0.685,92,155,71,91,0.438,4.01,7,1458,653,154,482,1213,3.91,634,1355,601,63,1337,0.244,0.316,0.369,138,1168,170095758,25.3
2014 CHC,4.36,0.68,103,137,73,89,0.451,3.91,11,1398,636,115,504,1311,3.79,614,1315,590,65,1477,0.239,0.3,0.385,94,1069,89539741,24.2
2014 CHW,4.68,0.678,107,170,73,89,0.451,4.29,6,1468,687,140,557,1152,4.07,660,1400,625,85,1362,0.253,0.31,0.398,127,1071,89221236,26.5
2014 CIN,3.78,0.712,72,120,76,86,0.469,3.59,13,1282,576,163,507,1290,3.67,595,1282,562,122,1252,0.238,0.296,0.365,88,1037,113351318,30.6
2014 CLE,4.03,0.673,116,139,85,77,0.525,3.56,15,1398,581,135,464,1450,4.13,669,1411,644,104,1189,0.253,0.317,0.389,126,1154,84369908,38.8
2014 COL,5.05,0.678,106,166,66,96,0.407,4.84,4,1528,770,173,531,1074,4.66,755,1551,721,85,1281,0.276,0.327,0.445,121,1072,96659578,25.9
2014 DET,4.35,0.673,101,153,90,72,0.556,4.01,8,1475,648,127,462,1244,4.67,757,1557,731,106,1144,0.277,0.331,0.426,137,1111,171996220,43.0
2014 HOU,4.46,0.685,106,151,70,92,0.432,4.11,3,1437,657,139,484,1137,3.88,629,1317,596,122,1442,0.242,0.309,0.383,122,1086,51679490,24.6
2014 KCR,3.85,0.693,104,122,89,73,0.549,3.51,14,1386,565,128,440,1168,4.02,651,1456,604,153,985,0.263,0.314,0.376,131,1080,98558300,41.1
2014 LAA,3.89,0.703,83,127,98,64,0.605,3.58,13,1307,590,126,504,1342,4.77,773,1464,729,81,1266,0.259,0.322,0.406,112,1113,165403251,45.4
2014 LAD,3.81,0.69,107,145,94,68,0.58,3.4,16,1338,554,142,429,1373,4.43,718,1476,686,138,1246,0.265,0.333,0.406,119,1159,246367142,47.1
2014 MIA,4.16,0.675,97,154,77,85,0.475,3.78,16,1481,613,114,458,1190,3.98,645,1399,614,58,1419,0.253,0.317,0.378,143,1145,50671396,29.0
2014 MIL,4.06,0.696,99,130,82,80,0.506,3.67,9,1386,594,167,431,1246,4.01,650,1366,617,102,1197,0.25,0.311,0.397,135,1049,110577046,29.2
2014 MIN,4.8,0.672,97,136,70,92,0.432,4.57,7,1588,728,147,408,1031,4.41,715,1412,675,99,1329,0.254,0.324,0.389,97,1176,87494478,27.4
2014 NYM,3.81,0.688,104,158,79,83,0.488,3.49,11,1370,568,141,509,1303,3.88,629,1306,602,101,1264,0.239,0.308,0.364,112,1123,94478037,29.3
2014 NYY,4.1,0.687,92,107,84,78,0.519,3.75,10,1392,605,164,398,1370,3.91,633,1349,591,112,1133,0.245,0.307,0.38,111,1098,214898031,31.1
2014 OAK,3.53,0.71,111,150,88,74,0.543,3.22,13,1269,524,147,406,1244,4.5,729,1354,686,83,1104,0.244,0.32,0.381,118,1147,93518412,46.0
2014 PHI,4.24,0.693,83,133,73,89,0.451,3.79,12,1396,619,134,521,1255,3.82,619,1356,584,109,1306,0.242,0.302,0.363,94,1147,175061605,26.6
2014 PIT,3.9,0.694,109,148,88,74,0.543,3.47,7,1341,562,128,499,1228,4.21,682,1436,659,104,1244,0.259,0.33,0.404,127,1192,76974115,39.1
2014 SDP,3.56,0.695,101,124,77,85,0.475,3.27,10,1300,523,117,462,1284,3.3,535,1199,500,91,1294,0.226,0.292,0.342,118,1033,85001967,25.0
2014 SEA,3.42,0.712,82,139,87,75,0.537,3.17,9,1240,512,137,463,1317,3.91,634,1328,600,96,1232,0.244,0.3,0.376,112,1008,171336782,37.8
2014 SFG,3.79,0.703,100,155,88,74,0.543,3.5,12,1305,564,133,389,1211,4.1,665,1407,636,56,1245,0.255,0.311,0.388,113,1095,107034174,33.8
2014 STL,3.72,0.701,88,145,90,72,0.556,3.5,23,1321,564,123,470,1221,3.82,619,1371,585,57,1133,0.253,0.32,0.369,140,1145,121232929,35.1
2014 TBR,3.86,0.7,88,96,77,85,0.475,3.56,22,1292,579,145,482,1437,3.78,612,1361,586,63,1124,0.247,0.317,0.367,135,1193,76821046,36.1
2014 TEX,4.77,0.675,106,155,67,95,0.414,4.49,17,1510,711,160,505,1110,3.93,637,1400,597,105,1162,0.256,0.314,0.375,148,1066,139630583,20.9
2014 TOR,4.23,0.693,87,130,83,79,0.512,4,16,1400,642,151,490,1199,4.46,723,1435,690,78,1151,0.259,0.323,0.414,128,1122,141812172,39.3
2014 WSN,3.43,0.691,100,139,96,66,0.593,3.03,19,1351,495,110,352,1288,4.23,686,1403,635,101,1304,0.253,0.321,0.393,115,1160,149470982,46.1
2013 ARI,4.29,0.697,75,135,81,81,0.5,3.92,7,1460,651,176,485,1218,4.23,685,1468,647,62,1142,0.259,0.323,0.391,160,1160,88316478,29.5
2013 ATL,3.38,0.7,85,141,96,66,0.593,3.18,12,1326,512,127,409,1232,4.25,688,1354,656,64,1384,0.249,0.321,0.402,119,1132,94947950,44.9
2013 BAL,4.38,0.701,54,165,85,77,0.525,4.2,6,1438,678,202,473,1169,4.6,745,1460,719,79,1125,0.26,0.313,0.431,105,1053,100415869,36.5
2013 BOS,4.05,0.694,80,142,97,65,0.599,3.79,8,1366,613,156,524,1294,5.27,853,1566,819,123,1308,0.277,0.349,0.446,137,1212,170734264,55.4
2013 CHC,4.25,0.706,100,129,66,96,0.407,4,6,1332,643,160,540,1184,3.72,602,1307,576,63,1230,0.238,0.3,0.392,120,1092,100052899,26.6
2013 CHW,4.46,0.687,121,155,63,99,0.389,3.98,5,1424,643,182,509,1249,3.69,598,1385,574,105,1207,0.249,0.302,0.378,124,1068,111777595,22.1
2013 CIN,3.64,0.715,76,131,90,72,0.556,3.38,17,1294,554,170,435,1296,4.31,698,1370,664,67,1245,0.249,0.327,0.391,129,1191,103804640,43.9
2013 CLE,4.09,0.683,98,135,92,70,0.568,3.82,16,1359,611,147,554,1379,4.6,745,1391,711,117,1283,0.255,0.327,0.41,106,1126,93008897,39.4
2013 COL,4.69,0.674,90,162,74,88,0.457,4.44,5,1545,708,136,517,1064,4.36,706,1511,673,112,1204,0.27,0.323,0.418,111,1118,79271624,32.4
2013 DET,3.85,0.682,76,136,93,69,0.574,3.61,12,1369,587,128,462,1428,4.91,796,1625,767,35,1073,0.283,0.346,0.434,146,1250,155223539,52.6
2013 HOU,5.23,0.679,125,168,51,111,0.315,4.79,5,1530,766,191,616,1084,3.77,610,1307,566,110,1535,0.24,0.299,0.375,110,1007,35567913,7.6
2013 KCR,3.71,0.698,85,136,86,76,0.531,3.45,12,1366,555,155,469,1208,4,648,1443,620,153,1048,0.26,0.315,0.379,131,1110,84398434,39.2
2013 LAA,4.55,0.683,112,135,78,84,0.481,4.23,12,1475,685,167,533,1200,4.52,733,1476,696,82,1221,0.264,0.329,0.414,150,1144,141435103,34.5
2013 LAD,3.59,0.692,109,160,92,70,0.568,3.25,22,1321,524,127,460,1292,4.01,649,1447,618,78,1146,0.264,0.326,0.396,130,1175,239894375,46.0
2013 MIA,3.99,0.695,88,144,62,100,0.383,3.71,13,1376,602,121,526,1177,3.17,513,1257,485,78,1232,0.231,0.293,0.335,131,1080,36028542,18.7
2013 MIL,4.24,0.697,114,153,74,88,0.457,3.84,15,1401,615,175,466,1125,3.95,640,1381,610,142,1183,0.252,0.311,0.398,116,1071,88221045,24.6
2013 MIN,4.86,0.679,81,178,66,96,0.407,4.55,7,1591,733,168,458,985,3.79,614,1346,590,52,1430,0.242,0.312,0.38,103,1206,81458898,21.9
2013 NYM,4.22,0.691,93,127,74,88,0.457,3.77,10,1442,618,152,458,1209,3.82,619,1318,593,114,1384,0.237,0.306,0.366,106,1137,101300814,23.5
2013 NYY,4.14,0.687,69,139,85,77,0.525,3.94,10,1452,633,171,437,1233,4.01,650,1321,614,115,1214,0.242,0.307,0.376,121,1064,239288940,29.8
2013 OAK,3.86,0.708,97,112,96,66,0.593,3.56,13,1339,574,163,428,1183,4.73,767,1403,725,74,1178,0.254,0.327,0.419,108,1126,67055517,44.1
2013 PHI,4.62,0.679,97,141,73,89,0.451,4.32,3,1465,689,152,506,1199,3.77,610,1355,578,73,1205,0.248,0.306,0.384,131,1061,163536898,16.6
2013 PIT,3.56,0.698,106,154,94,68,0.58,3.26,16,1299,533,101,515,1261,3.91,634,1346,603,94,1330,0.245,0.313,0.396,120,1126,71480984,42.0
2013 SDP,4.32,0.696,83,140,76,86,0.469,3.98,6,1407,643,156,525,1171,3.81,618,1349,578,118,1309,0.245,0.308,0.378,99,1126,73286341,23.6
2013 SEA,4.65,0.683,88,149,71,91,0.438,4.31,14,1467,702,174,478,1297,3.85,624,1318,597,49,1353,0.237,0.306,0.39,122,1131,140280186,23.8
2013 SFG,4.27,0.689,107,128,76,86,0.469,4,13,1380,643,145,521,1256,3.88,629,1446,596,67,1078,0.26,0.32,0.381,131,1187,83220022,27.2
2013 STL,3.68,0.691,75,177,97,65,0.599,3.42,15,1366,555,112,451,1254,4.83,783,1494,745,45,1110,0.269,0.332,0.401,154,1087,120516627,40.9
2013 TBR,3.96,0.707,59,147,92,71,0.564,3.74,17,1315,608,153,482,1310,4.29,700,1421,670,73,1171,0.257,0.329,0.408,140,1172,74572903,40.2
2013 TEX,3.9,0.693,86,146,91,72,0.558,3.62,10,1370,589,157,498,1309,4.48,730,1465,691,149,1067,0.262,0.323,0.412,124,1110,137937146,47.7
2013 TOR,4.67,0.69,111,145,74,88,0.457,4.25,11,1451,685,195,500,1208,4.4,712,1398,669,112,1123,0.252,0.318,0.411,133,1065,131771168,31.7
2013 WSN,3.86,0.691,107,146,86,76,0.531,3.59,13,1367,576,142,405,1236,4.05,656,1365,621,88,1192,0.251,0.313,0.398,115,1071,116883274,31.1
2012 ARI,4.25,0.685,90,146,81,81,0.5,3.93,9,1432,626,155,417,1200,4.53,734,1416,710,93,1266,0.259,0.328,0.418,108,1122,82959205,33.2
2012 ATL,3.7,0.703,86,147,94,68,0.58,3.42,16,1310,549,145,464,1232,4.32,700,1341,660,101,1289,0.247,0.32,0.389,108,1127,97928056,37.0
2012 BAL,4.35,0.699,106,151,93,69,0.574,3.9,10,1433,642,184,481,1177,4.4,712,1375,677,58,1315,0.247,0.311,0.417,152,1027,83725868,37.9
2012 BOS,4.98,0.689,101,159,69,93,0.426,4.7,4,1449,754,190,529,1176,4.53,734,1459,695,97,1197,0.26,0.315,0.415,105,1076,175279051,23.2
2012 CHC,4.69,0.692,105,148,61,101,0.377,4.51,9,1399,708,175,573,1128,3.78,613,1297,570,94,1235,0.24,0.302,0.378,125,1044,116341526,16.6
2012 CHW,4.17,0.702,70,154,85,77,0.525,4.02,11,1365,646,186,503,1246,4.62,748,1409,726,109,1203,0.255,0.318,0.422,112,1038,108972203,42.4
2012 CIN,3.63,0.699,89,113,97,65,0.599,3.34,12,1356,540,152,427,1248,4.13,669,1377,636,87,1266,0.251,0.315,0.411,100,1135,89901498,41.6
2012 CLE,5.22,0.685,96,157,68,94,0.42,4.78,6,1503,766,174,543,1086,4.12,667,1385,635,110,1087,0.251,0.324,0.381,141,1162,77319538,20.3
2012 COL,5.49,0.657,122,139,64,98,0.395,5.22,7,1637,824,198,566,1144,4.68,758,1526,716,100,1213,0.274,0.33,0.436,132,1111,88210881,23.0
2012 DET,4.14,0.678,99,127,88,74,0.543,3.75,8,1409,596,151,438,1318,4.48,726,1467,698,59,1103,0.268,0.335,0.422,156,1121,144262284,42.7
2012 HOU,4.9,0.675,118,132,55,107,0.34,4.56,11,1493,721,173,540,1170,3.6,583,1276,545,105,1365,0.236,0.302,0.371,114,1090,54547239,10.7
2012 KCR,4.6,0.673,113,171,72,90,0.444,4.3,12,1504,693,163,542,1177,4.17,676,1492,643,132,1032,0.265,0.317,0.4,130,1087,70344235,31.6
2012 LAA,4.31,0.708,98,141,89,73,0.549,4.02,16,1339,640,186,483,1157,4.73,767,1518,732,134,1113,0.274,0.332,0.433,138,1079,157168625,45.5
2012 LAD,3.69,0.702,98,138,86,76,0.531,3.34,10,1277,538,122,539,1276,3.93,637,1369,607,104,1156,0.252,0.317,0.374,139,1112,120784717,36.3
2012 MIA,4.47,0.685,103,154,69,93,0.426,4.09,7,1448,655,133,495,1113,3.76,609,1327,576,149,1228,0.244,0.308,0.382,114,1092,98392974,21.2
2012 MIL,4.52,0.672,99,133,83,79,0.512,4.22,9,1458,682,169,525,1402,4.79,776,1442,741,158,1240,0.259,0.325,0.437,111,1104,110905300,29.6
2012 MIN,5.14,0.69,107,188,66,96,0.407,4.77,6,1536,762,198,465,943,4.33,701,1448,666,135,1069,0.26,0.325,0.39,149,1144,109130327,25.3
2012 NYM,4.38,0.694,101,135,74,88,0.457,4.09,13,1368,651,161,488,1240,4.01,650,1357,625,79,1250,0.249,0.316,0.386,118,1118,105869476,23.8
2012 NYY,4.12,0.693,75,135,95,67,0.586,3.84,9,1401,617,190,431,1318,4.96,804,1462,774,93,1176,0.265,0.337,0.453,136,1135,228495456,51.0
2012 OAK,3.79,0.704,111,135,94,68,0.58,3.48,13,1360,569,147,462,1136,4.4,713,1315,676,122,1387,0.238,0.31,0.404,97,1095,58973573,47.7
2012 PHI,4.2,0.686,101,118,81,81,0.5,3.83,11,1387,618,178,409,1385,4.22,684,1414,659,116,1094,0.255,0.317,0.4,114,1135,179900523,30.0
2012 PIT,4.16,0.697,112,126,79,83,0.488,3.86,10,1357,615,153,490,1192,4.02,651,1313,620,73,1354,0.243,0.304,0.395,98,1049,61803269,26.1
2012 SDP,4.38,0.697,121,97,76,86,0.469,4.01,11,1356,640,162,539,1205,4.02,651,1339,610,155,1238,0.247,0.319,0.38,100,1146,63839413,25.7
2012 SEA,4.02,0.707,72,155,75,87,0.463,3.76,11,1359,608,166,449,1166,3.82,619,1285,584,104,1259,0.234,0.296,0.369,95,1052,137523205,34.4
2012 SFG,4.01,0.693,115,134,94,68,0.58,3.68,14,1361,593,142,489,1237,4.43,718,1495,675,118,1097,0.269,0.327,0.397,114,1171,84439430,37.9
2012 STL,4,0.686,107,149,88,74,0.543,3.71,10,1420,603,134,436,1218,4.72,765,1526,732,91,1192,0.271,0.338,0.421,135,1198,120461369,40.8
2012 TBR,3.56,0.704,114,155,90,72,0.556,3.19,15,1233,518,139,469,1383,4.3,697,1293,665,134,1323,0.24,0.317,0.394,133,1058,70242330,45.6
2012 TEX,4.36,0.694,85,136,93,69,0.574,3.99,10,1378,639,175,446,1286,4.99,808,1526,780,91,1103,0.273,0.334,0.446,121,1113,138226346,44.9
2012 TOR,4.84,0.694,101,167,73,89,0.451,4.64,11,1439,745,204,574,1142,4.42,716,1346,677,123,1251,0.245,0.309,0.407,109,1026,97293922,28.2
2012 WSN,3.67,0.702,94,134,98,64,0.605,3.33,9,1296,543,129,497,1325,4.51,731,1468,688,105,1325,0.261,0.322,0.428,110,1127,98256813,45.7
